{"cameraMode":{"drawMode":0,"name":"Shaded","section":"Shading Mode"},"sceneLighting":true,"audioPlay":false,"sceneViewState":{"showFog":true,"showMaterialUpdate":false,"showSkybox":true,"showFlares":true,"showImageEffects":true,"showParticleSystems":true},"in2DMode":false,"pivot":{"x":-22.03937530517578,"y":-16.371952056884767,"z":14.655937194824219},"rotation":{"x":0.24767324328422547,"y":-0.2977544069290161,"z":0.08029329776763916,"w":0.9184525609016419},"size":53.83705520629883,"orthographic":false}