{"cameraMode":{"drawMode":0,"name":"Shaded","section":"Shading Mode"},"sceneLighting":false,"audioPlay":false,"sceneViewState":{"showFog":true,"showMaterialUpdate":false,"showSkybox":false,"showFlares":true,"showImageEffects":true,"showParticleSystems":true},"in2DMode":false,"pivot":{"x":-0.5099730491638184,"y":2.5342419147491457,"z":-20.12803077697754},"rotation":{"x":0.21959178149700166,"y":0.004390145651996136,"z":-0.0009881699224933982,"w":0.9755814075469971},"size":11.663667678833008,"orthographic":false}