{"cameraMode":{"drawMode":0,"name":"Shaded","section":"Shading Mode"},"sceneLighting":false,"audioPlay":false,"sceneViewState":{"showFog":true,"showMaterialUpdate":false,"showSkybox":false,"showFlares":true,"showImageEffects":true,"showParticleSystems":true},"in2DMode":false,"pivot":{"x":-0.5660184621810913,"y":0.8403944969177246,"z":-0.4344700574874878},"rotation":{"x":0.10158729553222656,"y":-0.655540943145752,"z":0.08963867276906967,"w":0.7429144382476807},"size":3.438157081604004,"orthographic":false}