{"cameraMode":{"drawMode":0,"name":"Shaded","section":"Shading Mode"},"sceneLighting":false,"audioPlay":false,"sceneViewState":{"showFog":true,"showMaterialUpdate":true,"showSkybox":true,"showFlares":true,"showImageEffects":true,"showParticleSystems":true},"in2DMode":false,"pivot":{"x":2.3823697566986086,"y":2.710690975189209,"z":-2.559709072113037},"rotation":{"x":0.044119879603385928,"y":-0.9468011260032654,"z":0.14777988195419312,"w":0.28323492407798769},"size":6.702415943145752,"orthographic":false}