{"cameraMode":{"drawMode":0,"name":"Shaded","section":"Shading Mode"},"sceneLighting":false,"audioPlay":false,"sceneViewState":{"showFog":true,"showMaterialUpdate":false,"showSkybox":false,"showFlares":true,"showImageEffects":true,"showParticleSystems":true},"in2DMode":false,"pivot":{"x":0.015077590942382813,"y":2.455141544342041,"z":-0.1429305076599121},"rotation":{"x":0.041823145002126697,"y":0.9525766968727112,"z":-0.1536264568567276,"w":0.2593272626399994},"size":2.70358943939209,"orthographic":false}