{"cameraMode":{"drawMode":0,"name":"Shaded","section":"Shading Mode"},"sceneLighting":false,"audioPlay":false,"sceneViewState":{"showFog":true,"showMaterialUpdate":false,"showSkybox":false,"showFlares":true,"showImageEffects":true,"showParticleSystems":true},"in2DMode":false,"pivot":{"x":5.349630832672119,"y":0.0,"z":-35.30215835571289},"rotation":{"x":0.21959178149700166,"y":0.004390145651996136,"z":-0.0009881699224933982,"w":0.9755814075469971},"size":11.693511009216309,"orthographic":false}