{"cameraMode":{"drawMode":0,"name":"Shaded","section":"Shading Mode"},"sceneLighting":false,"audioPlay":false,"sceneViewState":{"showFog":true,"showMaterialUpdate":false,"showSkybox":true,"showFlares":true,"showImageEffects":true,"showParticleSystems":true},"in2DMode":false,"pivot":{"x":17.0,"y":1.5059468746185303,"z":20.479999542236329},"rotation":{"x":-0.09825298190116883,"y":0.8991703987121582,"z":-0.33537524938583376,"w":-0.2634369134902954},"size":0.43803489208221438,"orthographic":false}